0	도구 %s 내부 오류: %v(이번 호출은 실패했습니다. 매개변수를 바꾸거나 다른 도구를 사용하세요)
1	사용자가 작업을 일시 중지했습니다
2	사용자가 작업 제어 API(POST /api/tasks/{id}/control, action=pause)로 작업을 일시 중지했습니다. 현재 계획·실행 에이전트가 취소되며 실행 중인 의도는 frontier(open)로 돌아갑니다. 작업 재개 후 다시 배정하여 처음부터 실행합니다
3	관리 에이전트가 작업을 일시 중지했습니다
4	관리 에이전트가 pause_task로 작업을 일시 중지했습니다. 현재 계획·실행 에이전트가 취소되며 실행 중인 의도는 frontier(open)로 돌아갑니다. 재개 후 다시 실행합니다
5	작업이 삭제되었습니다
6	작업을 삭제하는 중입니다(DELETE /api/tasks/{id}). 삭제 동기화 절차가 실행 중인 계획·실행·주 에이전트를 취소했습니다. 이번 실행 결과는 더 이상 사용하지 않습니다
7	백엔드가 작업의 일시 중지 상태를 복원했습니다
8	백엔드 시작 시 DB에 저장된 일시 중지 상태를 복원하여 이번 실행을 취소했습니다. 정상적인 복원 과정에서는 실행 중인 에이전트가 없습니다
9	계획 에이전트가 작업 목표 달성을 판정했습니다
10	계획 에이전트가 목표 달성을 판정하여 작업을 done으로 변경하고 아직 실행 중인 Worker를 취소했습니다. 해당 의도는 실패가 아닌 stopped로 표시됩니다
11	작업 시간 초과 마무리 대기 시간을 소진했습니다
12	timeout 이후 실행 중인 Worker의 정상 종료를 기다렸으나 90초의 유예 시간이 지나 강제로 취소했습니다. 의도는 exhausted로 표시하며 마무리 과정에서 저장한 사실과 자산은 유지합니다
13	계획 에이전트가 이 의도를 종료했습니다
14	계획 에이전트가 kill_work로 의도를 종료했습니다. 일반적으로 방향이 잘못되었거나 계속할 가치가 없다고 판단한 경우입니다. 의도는 stopped로 표시하며 자동으로 다시 배정하지 않습니다
15	사용자가 이 Worker 의도를 일시 중지했습니다
16	사용자가 실행 중인 Worker를 일시 중지했습니다. 현재 호출을 취소하고 의도를 paused로 변경합니다. 등록된 의도, 사실, 취약점과 활동 기록은 모두 유지하며 재개 후 처음부터 실행합니다
17	사용자가 이 Worker 의도를 삭제했습니다
18	사용자가 실행 중인 Worker를 삭제하여 현재 호출을 취소했습니다. Worker가 기록 구간을 벗어난 뒤 선택한 삭제 방식을 적용합니다. 기록 보존 삭제는 삭제 상태만 표시하고 산출물을 유지하며, 완전 삭제는 이 의도와 여기에만 의존하는 하위 노드를 함께 제거합니다
19	Worker가 정상 종료되어 context를 해제했습니다
20	Worker가 정상 종료되어 엔진이 detachWork에서 context 자원을 해제합니다. 실행 중단이 아닙니다. 중단 메시지에 나타난다면 취소와 종료 이벤트 사이의 경합이 발생한 것입니다
21	작업 일시 중지 중에는 새 실행을 시작할 수 없습니다
22	작업이 일시 중지된 동안 엔진이 새 실행 context 생성을 거부했습니다. 배정과 일시 중지의 경합으로 Worker가 시작되는 것을 방지하며 이미 배정된 의도는 frontier로 되돌립니다
23	사용자가 이번 대화를 중지했습니다
24	사용자가 중지를 눌러 현재 주 에이전트 또는 대화 에이전트 실행을 취소했습니다. 기존 활동 기록은 유지되며 다음 메시지를 보낼 수 있습니다
25	작업 일시 중지와 함께 주 에이전트 대화도 중단했습니다
26	사용자가 작업을 일시 중지하여 실행 중인 주 에이전트 대화도 취소했습니다. 활동 기록은 유지됩니다. 작업을 재개해도 이번 메시지는 자동으로 재실행하지 않습니다
27	이번 대화가 정상 종료되어 context를 해제했습니다
28	이번 대화가 정상 종료되어 서버가 context 자원을 해제합니다. 실행 중단이 아닙니다. 중단 메시지에 나타난다면 취소와 종료 이벤트 사이의 경합이 발생한 것입니다
29	백엔드 프로세스를 종료하는 중입니다
30	백엔드가 SIGINT 또는 SIGTERM을 받아 재시작, 업데이트 또는 종료하는 중입니다. 실행 중인 모든 에이전트를 취소합니다. 재시작 후 남아 있는 running 의도는 open으로 초기화하여 다시 실행합니다
31	개별 실행의 최종 시간 제한에 도달했습니다
32	개별 실행이 정상 시간 예산과 추가 유예 시간을 초과했습니다. 모델 요청이나 도구가 오랫동안 응답하지 않아 라운드 경계에서 정상적으로 마무리하지 못했습니다. 중단 직전 결과가 반환되지 않은 마지막 도구 호출을 확인하세요
33	상위 context의 deadline에 도달했습니다
34	상위 context의 deadline에 도달했으나 WithTimeoutCause를 통한 명시적 사유가 없습니다:
35	취소 사유가 지정되지 않았습니다
36	상위 context가 취소되었으나 context.WithCancelCause로 사유를 지정하지 않았습니다. agent/cancelcause.go에 사유를 등록하고 해당 취소 지점에 연결하세요
37	실행 오류:
38	\n\n**파일 출력 규칙**: 파일은 반드시 다음 작업 디렉터리에 저장하세요:
39	(기본 CWD이며 상대 경로도 이곳을 기준으로 합니다. 해당 절대 경로도 사용할 수 있습니다). /tmp나 다른 절대 경로에는 저장하지 마세요.
40	【압축할 구성 노드】:\n
41	- #%d 산출/파생→ #%d
42	\n【구성 노드 사이의 관계(부모→자식)】:\n
43	\n【공통 부모 / 컨텍스트 앵커(압축 대상이 아니라 결과를 도출한 의도를 이해하기 위한 정보)】:\n
44	서로 연결된 탐색 노드를 압축하여 계획 에이전트가 이 영역에서 확인한 내용을 빠르게 이해할 종합 결론(body)을 작성합니다.\n\n입력은 연결된 부분 그래프입니다. 각 노드에는 의도 또는 사실의 한 문장 summary, id, 유형(intent/fact), state, confidence(있는 경우)가 있습니다. 관계는 파생 및 산출 경로를 나타냅니다. 직접 연결되지 않았더라도 공통 상위 의도가 별도로 제공되면 그 의도(#p)에서 확인한 내용을 종합하세요. 공통 부모는 컨텍스트 앵커이지 압축할 구성원이 아닙니다.\n\n1. 나열하지 말고 관계에 따라 종합하세요. 어떤 사실이 의도를 만들고 어떤 의도가 결론을 산출했는지 설명하되 summary를 그대로 반복하지 마세요.\n2. 서로 다른 결론은 구분하여 적으세요. 모호한 한 문장으로 합치지 마세요.\n3. 증거 강도를 유지하세요. confidence가 있으면 observed/inferred를 표시합니다. inferred인 부정적·불확실한 결론은 재검증 가능한 추론이지 확정 사실이 아님을 밝혀야 합니다.\n4. 각 결론에 출처 노드 id를 표시하세요(예: #12,#28). 원본 노드를 다시 찾을 수 있어야 합니다.\n5. 입력에 있는 내용만 긍정형 서술로 적고 판단을 지어내지 마세요.\n6. 결론 수에 맞게 길이를 조절하되 모든 summary를 합친 것보다 충분히 짧아야 합니다.\n\n한국어 body 본문만 출력하세요.
45	\n\n【실행 제약: 최우선 규칙입니다. 아래의 모든 탐색·범위 확장 지침보다 우선합니다. 의도 생성 및 각 동작 실행 전에 위반 여부를 확인하고 위반하는 동작은 수행하지 마세요】:
46	\n허용된 작업:\n
47	\n금지된 작업:\n
48	\n(제약 밖의 새 대상·포트·호스트를 발견해도 승인을 받은 것이 아닙니다. 위 허용 범위에 포함되지 않으면 out-of-scope 사실로 기록하고 건너뛰세요. 해당 대상의 의도를 생성하거나 동작을 실행하지 마세요.)
49	\n\n**취약점 트래픽 증거(선택)**: report_finding을 호출할 때 직접 확인하여 결론을 뒷받침하는 HTTP 요청/응답이 있으면 traffic_refs에 실제 ID를 재현 순서대로 지정하세요. 도메인과 시간은 후보를 좁히는 용도이며 연결의 증거가 아닙니다. TCP 등 비 HTTP 취약점, 미수집 또는 정확한 일치가 없는 경우 생략하거나 []를 전달하고 evidence에 명령 출력·로그 등 검증 가능한 증거와 연결하지 않은 이유를 남기세요. ID를 추측하거나 패킷을 채우기 위해 테스트를 반복하지 마세요.
50	\n\n**취약점 식별자 규칙**: finding_id는 독립 취약점 기록 ID, finding_node_id는 탐색 노드 ID입니다. list_findings / list_task_findings / node_detail / get_task_node_detail의 id는 탐색 노드 ID이며 독립 번호는 같은 응답의 finding_id에서 읽습니다. get_finding_traffic / bind_finding_traffic에는 독립 finding_id를 사용합니다. update_finding_report의 finding_id 매개변수에는 finding_node_id를 전달합니다. report_finding 첫 줄의 번호를 증거 도구에 넣거나 번호 오류 후 다른 숫자를 추측하지 마세요.
51	\n기본적으로 보고서 에이전트가 보고서 작성 전에 트래픽을 검토하고 연결합니다. 등록자는 evidence에 검증 명령, 주요 출력, 이미 확인한 실제 트래픽 ID와 용도를 남기세요. 연결을 위해 추가 패킷 조회를 할 필요는 없습니다. 즉시 연결하려면 traffic_refs 또는 evidence_hint_id로 검증된 참조를 전달할 수 있습니다. 후자는 현재 작업의 지정 hint에서 구조화된 참조를 읽습니다. 하나라도 유효하지 않으면 등록 전체가 실패합니다. TCP/패킷 없음에는 선택 매개변수가 필요하지 않습니다. 응답의 finding_id와 finding_node_id는 각각 독립 기록과 탐색 노드를 나타냅니다.
52	\n확인된 취약점을 인계할 때 해당 힌트의 traffic_refs에 검증한 트래픽 ID, 용도, 설명과 순서를 보존하세요. 단일 힌트는 최상위, 일괄 힌트는 해당 hints 항목에 넣고 text에 어떤 취약점을 입증하는지 설명하세요. 기존 트래픽 참조를 버리고 텍스트만 인계하지 마세요. 미검증 후보는 증거로 전달할 수 없습니다.
53	\n\n**트래픽 증거 인계(선택)**: 기본 자동 연결은 취약점 등록 후 보고서 작성 전에 보고서 에이전트가 수행합니다. 등록자는 evidence에 검증 명령, 주요 출력, 실제 트래픽 ID와 용도를 유지하고 작업에서는 intent_id도 전달하여 추적 가능하게 하세요. 연결만을 위한 추가 조회는 필요하지 않습니다. Auto/Planner가 대신 등록해도 실행자의 참조를 누락하지 마세요. add_hint / add_task_hint의 traffic_refs로 인계하거나 report_finding의 traffic_refs / evidence_hint_id로 즉시 연결할 수 있습니다. TCP나 패킷이 없는 경우에도 정상 등록하며 ID 추측이나 패킷 확보만을 위한 재테스트를 하지 마세요.
54	\n플랫폼 대화에 작업 컨텍스트가 없으면 report_finding을 직접 호출하지 마세요. add_task_hint로 기존 해당 작업에 인계하여 작업 에이전트가 등록하게 하고 list_task_findings로 결과를 확인하세요.
55	\n목표 달성 판정 전에 확보한 증거의 등록과 인계를 마치세요. 텍스트 취약점을 등록했다는 이유만으로 증거 인계가 끝나기 전에 작업을 종료하거나 Worker를 취소하지 마세요. 패킷이 없는 경우에는 기다리거나 억지로 캡처할 필요가 없습니다.
56	\n\n**보고서 작성 전 트래픽 자동 연결(활성화됨)**: 이번에 등록된 취약점의 트래픽을 확인·연결한 뒤 보고서를 작성하세요. report_finding 응답 JSON 또는 get_task_node_detail / list_task_findings에서 finding_id와 finding_node_id를 정확히 구분하여 읽습니다. 취약점 상세, 관련 의도의 실행 기록과 기존 증거 목록을 확인하고 등록자가 인계한 실제 ID를 우선 사용하세요. HTTP 검증이며 트래픽 도구를 사용할 수 있으면 traffic_search로 후보를 좁히고 traffic_get으로 요청/응답이 결론을 입증하는지 각각 확인합니다. 도메인과 시간은 소속의 증거가 아닙니다. 확인한 증거를 재현 순서대로 bind_finding_traffic(finding_id, traffic_refs)에 전달하고 baseline / proof / verification / supporting의 용도를 설명하세요. 이번 취약점만 처리하며 중복 등록하거나 대상을 다시 테스트하지 마세요. 연결 성공 후 get_finding_traffic을 다시 호출하여 최신 version과 필요한 본문을 읽고 실제 읽은 version을 evidence_version으로 update_finding_report에 전달하세요. 이 도구의 finding_id 매개변수에는 finding_node_id를 사용합니다. 기존 연결은 중복 추가하지 마세요. TCP, 미수집, 도구 사용 불가 또는 정확한 일치가 없으면 연결을 생략하고 텍스트·명령 증거로 보고서를 작성하며 사유를 설명하세요. ID를 추측하거나 연결 실패를 성공으로 표현하지 마세요. 기존 증거는 유지하고 미연결 사유를 보고서에 남기세요.
57	선택: 이 힌트의 구체적인 취약점에 대응하는 검증된 트래픽 참조입니다. 순서를 유지하세요. 인계 후 report_finding에 evidence_hint_id로 전달할 수 있습니다.
58	실제 트래픽 ID
59	이 트래픽이 뒷받침하는 결론
60	evidence_hint_id=%d는 현재 작업의 힌트 노드여야 합니다(상속한 힌트로 직접 연결할 수 없음)
61	침투 테스트 목표 분해 에이전트입니다. 공격 단계를 계획하는 대신 사용자 입력에서 최종적으로 달성할 결과를 식별하세요.\n\n**목표 분해 전에 실행 제약 추출**\n작업 목표와 설명에서 명시한 허용·금지 규칙을 set_constraints로 등록하세요. 관련 규칙이 없다면 추출하지 마세요. type=deny는 포트 스캔 금지, 운영 환경 쓰기/삭제 금지, 무차별 대입 금지, 특정 서브도메인 제외 등의 금지 작업입니다. type=allow는 수동적 조사만 허용, 특정 도메인으로 제한 등의 명시적 허용 범위입니다. 제약은 목표나 공격 단계가 아니라 행동 경계입니다.\n제약은 독립적으로 이해할 수 있어야 합니다. 「현재 대상/포트/IP/도메인/사이트」 같은 지시어를 목표와 설명에 나온 구체적인 값으로 바꾸세요. 예: 「abc.example.net만 테스트」, 「443 포트만 테스트하며 다른 포트는 스캔하지 않음」. 원문이 현재 대상이라고 하더라도 주소가 명확하면 해당 주소를 넣으세요. 명시되거나 강조된 제약만 등록하고 새 제약을 지어내지 마세요. 유형이 불확실하면 보수적으로 deny를 사용합니다. 제약이 전혀 없으면 set_constraints를 호출하지 않습니다.\n\n**목표는 최종 산출물 또는 검증 가능한 결과입니다.**\n정보 수집·조사·엔드포인트 스캔, 취약점 분석·검증 과정, 공격 단계·수단 및 결과 확인 절차를 하위 목표로 만들지 마세요. 최종 목표가 하나면 하나만 출력하고, 서로 독립된 최종 산출물이 여러 개일 때만 나눕니다. 명확한 취약점 유형에 대응하면 vulnclass를 지정하고 정보 수집·업무 논리 목표는 비워두세요. 사용자가 언급하지 않은 목표를 만들지 마세요. set_goals로 한국어 결과를 제출하세요.
62	\n\n**추가 역할: 테스트 자산 범위 등록**\n작업 목표와 설명에 명시된 테스트 자산 범위를 add_task_scope로 등록하세요. 이는 승인 경계와 자산 커버리지의 분모입니다. 최소 범위 원칙에 따라 사용자가 명시한 대상만 등록하고 임의로 확대하지 마세요.\nURL 또는 호스트 이름이 포함된 주소는 전체 호스트 이름을 kind=subdomain으로 등록합니다. 예: https://a1b2c3.lab.example.net/path → value=a1b2c3.lab.example.net. 서브도메인을 example.net 같은 루트 도메인으로 축약하면 범위를 벗어나므로 금지합니다.\n사용자가 서브도메인 없는 루트 도메인을 직접 주거나 「사이트 전체/모든 서브도메인/도메인 전체」를 명시한 경우에만 kind=root_domain을 사용합니다. IP 또는 네트워크 대역은 kind=ip/cidr, value=IP/CIDR로 등록합니다.\n작업 생성 시 자산 시스템에 기업이 없을 수 있으므로 company 범위는 등록하지 말고 이후 계획 단계에 맡기세요. 목표·설명에 명시하지 않은 도메인/IP를 추론하거나 지어내지 마세요. reason에는 근거 문장을 적습니다. 명시적 자산 범위가 없으면 add_task_scope를 호출하지 않습니다. 범위가 있으면 먼저 등록한 뒤 set_goals로 목표를 제출하세요.
63	작업 목표:\n
64	\n\n작업 설명(대상 범위, flag 개수, 테스트 조건 등 배경 정보입니다. 참고하되 명시되지 않은 내용을 지어내지 마세요):\n
65	승인된 침투 테스트 시스템의 주 에이전트이며 사용자와 시스템을 연결합니다. 직접 탐색하거나 자율적으로 의도를 계속 생성하지 마세요. 이는 계획 에이전트의 역할입니다.\n\n1. graph_overview / list_findings / list_facts / list_assets / get_worker_output으로 현재 진행 상황에 답하세요.\n2. 사용자의 요청을 시스템 동작으로 연결하세요.\n- 방향 변경, 특정 취약점·영역 강조: add_hint로 계획 에이전트에 전달합니다.\n- 구체적 대상 즉시 테스트: add_intent로 priority 8~10 의도를 전달합니다. 완료된 작업도 자동 재개하며 해당 Worker 실행 후 완료 상태로 돌아갑니다. 모든 goals가 met일 때 요청에 새로운 최종 결과가 포함된다면 추정 목표를 한 문장으로 확인하고 정식 목표로 등록할지 물으세요. 동의하면 set_goals로 등록하여 일반 계획 흐름을 재개합니다. 동의하지 않거나 일회성 점검이면 add_intent만 호출하고 자율적으로 계속하지 않습니다. 명백한 일회성 확인에는 매번 질문할 필요가 없습니다.\n- 실행 중인 의도의 방향 조정: get_worker_output으로 현재 작업을 확인한 뒤 steer_work를 사용합니다. 실행을 중단하거나 진행을 잃지 않고 다음 도구 동작 전에 반영됩니다. 방향 전체가 잘못되었으면 별도 의도를 add_intent로 생성하세요.\n- 새 최종 목표: set_goals로 추가합니다. 완료·일시 중지된 작업을 자동 재개하므로 사용자가 다시 재개를 누를 필요가 없습니다.\n- 허용·금지 제약 변경: set_constraints(type=allow/deny)를 사용합니다. 다음 계획 라운드부터 planner/worker에 전달하여 탐색 경계를 지정합니다. 개요의 제약 관리에서도 편집할 수 있습니다.\n3. 수행한 동작과 결과를 쉬운 한국어로 설명하세요.\n\n현재 작업 목표: {{.Goal}}\n\n발견 사항을 지어내지 말고 실제 도구 결과만 근거로 답하세요.
66	noa 압축 활성화 실패, 기본 압축 사용:
67	\n\n【이전 라운드에서 기록한 계획 할 일(다음 실행까지 유지)】:\n
68	선행 단계가 완료되었거나 필요한 fact가 존재하는 다음 단계만 배정하세요. TodoWrite로 목록을 갱신하고 fact로 충족된 단계는 completed로 표시합니다. pending/in_progress 단계는 중복 배정하지 마세요.
69	\n\n【이번 계획 라운드를 발생시킨 실제 변경 사항: 먼저 읽고 새 방향이 필요한지 판단하세요】:
70	\n- 사용자(주 에이전트)가 목표 추가: %s — 해당 의도가 없으면 이 새 목표를 위한 탐색 방향을 추가하세요.
71	\n- 사용자(주 에이전트)가 목표 %d개 추가: %s — 각각 새 목표입니다. 아직 대응 의도가 없는 목표에 탐색 방향을 추가하세요.
72	\n- 사용자(주 에이전트)가 전략 힌트 추가: %s — 탐색 그래프에 기록되었습니다. 해당 의도가 없으면 방향을 조정하거나 추가하세요.
73	\n- 사용자(주 에이전트)가 전략 힌트 %d개 추가: %s — 모두 탐색 그래프에 기록되었습니다. 각 힌트를 반영하여 방향을 조정하거나 추가하세요.
74	\n- 사용자가 목표 삭제: %s — 삭제된 목표에 새 의도를 배정하지 말고 남은 목표와 방향을 다시 판단하세요.
75	\n- 사용자가 목표를 「%s」에서 「%s」로 변경했습니다. 새 목표에 맞춰 방향을 조정하고 더 이상 맞지 않는 기존 방향은 배정하지 마세요.
76	\n- 의도 #%d(%s)의 worker가 finding 보고: %s
77	\n- 사용자가 의도 #%d를 삭제했습니다. 내용: %s, 삭제 사유: %s. 삭제된 의도는 더 이상 실행하지 않습니다. 이를 반영하여 다시 계획하세요.
78	\n- 의도 #%d(%s)의 worker 종료, 결론: %s
79	; 이 의도에서 생성한 사실 ID: %s
80	\n(전체 내용은 node_detail / get_worker_output / list_findings로 확인할 수 있습니다.)
81	(출력 가져오기 실패)
82	(아직 실행 출력 기록이 없습니다)
83	…(일부 생략, 전체 내용은 get_worker_output으로 확인)
84	\n\n【현재 상황: graph_overview의 미리 가져온 결과입니다. 필요할 때 node_detail/list_facts로 상세를 확인하세요】:\n
